Intercept,"C(genotype, Treatment(reference='e4/e4'))[T.e2/e2]","C(genotype, Treatment(reference='e4/e4'))[T.e2/e3]","C(genotype, Treatment(reference='e4/e4'))[T.e2/e4]","C(genotype, Treatment(reference='e4/e4'))[T.e3/e3]","C(genotype, Treatment(reference='e4/e4'))[T.e3/e4]"
1.0,0.0,0.0,0.0,0.0,0.0
1.0,0.0,0.0,0.0,1.0,0.0
1.0,0.0,1.0,0.0,0.0,0.0
1.0,0.0,0.0,0.0,1.0,0.0
1.0,0.0,0.0,0.0,1.0,0.0
1.0,0.0,0.0,0.0,1.0,0.0
1.0,0.0,0.0,0.0,1.0,0.0
1.0,0.0,0.0,0.0,1.0,0.0
1.0,0.0,1.0,0.0,0.0,0.0
1.0,0.0,0.0,0.0,1.0,0.0
1.0,0.0,1.0,0.0,0.0,0.0
1.0,0.0,1.0,0.0,0.0,0.0
1.0,0.0,0.0,0.0,0.0,1.0
1.0,0.0,0.0,0.0,0.0,0.0
1.0,0.0,0.0,0.0,1.0,0.0
1.0,0.0,0.0,0.0,0.0,1.0
1.0,0.0,0.0,1.0,0.0,0.0
1.0,0.0,0.0,0.0,1.0,0.0
1.0,0.0,0.0,0.0,0.0,1.0
1.0,1.0,0.0,0.0,0.0,0.0
1.0,0.0,0.0,0.0,0.0,1.0
1.0,0.0,0.0,0.0,0.0,1.0
1.0,0.0,0.0,0.0,1.0,0.0
1.0,0.0,0.0,0.0,0.0,0.0
1.0,0.0,0.0,0.0,1.0,0.0
1.0,0.0,0.0,0.0,1.0,0.0
1.0,0.0,0.0,0.0,1.0,0.0
1.0,0.0,0.0,0.0,1.0,0.0
1.0,0.0,0.0,0.0,0.0,1.0
1.0,0.0,0.0,0.0,0.0,0.0
1.0,0.0,0.0,0.0,1.0,0.0
1.0,0.0,0.0,0.0,1.0,0.0
1.0,0.0,0.0,0.0,1.0,0.0
1.0,0.0,0.0,0.0,0.0,0.0
1.0,0.0,0.0,0.0,1.0,0.0
1.0,0.0,0.0,0.0,0.0,0.0
1.0,0.0,0.0,0.0,1.0,0.0
1.0,0.0,0.0,0.0,1.0,0.0
1.0,0.0,0.0,1.0,0.0,0.0
1.0,0.0,0.0,0.0,1.0,0.0
1.0,0.0,1.0,0.0,0.0,0.0
1.0,0.0,1.0,0.0,0.0,0.0
1.0,0.0,0.0,0.0,0.0,1.0
1.0,0.0,0.0,0.0,1.0,0.0
1.0,0.0,0.0,0.0,1.0,0.0
1.0,0.0,0.0,0.0,1.0,0.0
1.0,0.0,0.0,0.0,1.0,0.0
1.0,0.0,0.0,0.0,1.0,0.0
1.0,0.0,0.0,0.0,1.0,0.0
1.0,0.0,1.0,0.0,0.0,0.0
1.0,0.0,0.0,0.0,1.0,0.0
1.0,0.0,0.0,0.0,1.0,0.0
1.0,0.0,0.0,0.0,1.0,0.0
1.0,0.0,0.0,0.0,0.0,0.0
1.0,0.0,0.0,0.0,0.0,1.0
1.0,0.0,1.0,0.0,0.0,0.0
1.0,0.0,0.0,0.0,1.0,0.0
1.0,0.0,0.0,0.0,0.0,1.0
1.0,0.0,0.0,0.0,1.0,0.0
1.0,0.0,0.0,0.0,0.0,1.0
1.0,0.0,0.0,0.0,1.0,0.0
1.0,0.0,0.0,0.0,1.0,0.0
1.0,0.0,0.0,0.0,0.0,1.0
1.0,0.0,0.0,0.0,1.0,0.0
1.0,0.0,0.0,0.0,1.0,0.0
1.0,0.0,0.0,0.0,1.0,0.0
1.0,0.0,1.0,0.0,0.0,0.0
1.0,0.0,0.0,0.0,0.0,1.0
1.0,0.0,1.0,0.0,0.0,0.0
1.0,0.0,0.0,0.0,1.0,0.0
1.0,0.0,0.0,0.0,1.0,0.0
1.0,0.0,0.0,0.0,1.0,0.0
1.0,0.0,0.0,0.0,0.0,1.0
1.0,0.0,0.0,0.0,1.0,0.0
1.0,0.0,0.0,0.0,1.0,0.0
1.0,0.0,0.0,0.0,1.0,0.0
1.0,0.0,0.0,0.0,1.0,0.0
1.0,0.0,0.0,0.0,0.0,1.0
1.0,0.0,1.0,0.0,0.0,0.0
1.0,0.0,0.0,0.0,0.0,1.0
1.0,0.0,0.0,0.0,0.0,1.0
1.0,0.0,0.0,0.0,1.0,0.0
1.0,0.0,0.0,0.0,1.0,0.0
1.0,0.0,0.0,0.0,1.0,0.0
1.0,0.0,0.0,1.0,0.0,0.0
1.0,0.0,1.0,0.0,0.0,0.0
1.0,0.0,0.0,0.0,1.0,0.0
1.0,0.0,0.0,1.0,0.0,0.0
1.0,0.0,0.0,0.0,1.0,0.0
1.0,0.0,0.0,0.0,1.0,0.0
1.0,0.0,0.0,0.0,1.0,0.0
1.0,0.0,0.0,0.0,1.0,0.0
1.0,0.0,0.0,0.0,1.0,0.0
1.0,0.0,0.0,0.0,1.0,0.0
1.0,0.0,0.0,0.0,1.0,0.0
1.0,0.0,1.0,0.0,0.0,0.0
1.0,0.0,0.0,0.0,0.0,1.0
1.0,0.0,1.0,0.0,0.0,0.0
1.0,0.0,0.0,0.0,1.0,0.0
1.0,0.0,0.0,0.0,1.0,0.0
1.0,0.0,0.0,0.0,0.0,1.0
1.0,0.0,0.0,0.0,1.0,0.0
1.0,1.0,0.0,0.0,0.0,0.0
1.0,0.0,0.0,0.0,0.0,1.0
1.0,0.0,0.0,0.0,1.0,0.0
1.0,0.0,0.0,1.0,0.0,0.0
1.0,0.0,0.0,0.0,1.0,0.0
1.0,0.0,0.0,0.0,1.0,0.0
1.0,0.0,0.0,0.0,1.0,0.0
1.0,0.0,0.0,1.0,0.0,0.0
1.0,0.0,1.0,0.0,0.0,0.0
1.0,0.0,0.0,0.0,1.0,0.0
1.0,0.0,0.0,0.0,0.0,1.0
1.0,0.0,0.0,0.0,1.0,0.0
1.0,0.0,1.0,0.0,0.0,0.0
1.0,0.0,0.0,0.0,1.0,0.0
1.0,0.0,0.0,0.0,1.0,0.0
1.0,0.0,0.0,0.0,1.0,0.0
1.0,0.0,0.0,0.0,0.0,1.0
1.0,0.0,0.0,0.0,1.0,0.0
1.0,0.0,1.0,0.0,0.0,0.0
1.0,0.0,0.0,0.0,0.0,1.0
1.0,0.0,0.0,0.0,1.0,0.0
1.0,0.0,0.0,0.0,0.0,1.0
1.0,0.0,0.0,0.0,1.0,0.0
1.0,0.0,0.0,0.0,1.0,0.0
1.0,0.0,0.0,0.0,1.0,0.0
1.0,0.0,0.0,0.0,1.0,0.0
1.0,0.0,1.0,0.0,0.0,0.0
1.0,0.0,0.0,0.0,1.0,0.0
1.0,0.0,1.0,0.0,0.0,0.0
1.0,0.0,0.0,0.0,1.0,0.0
1.0,0.0,0.0,0.0,1.0,0.0
1.0,0.0,1.0,0.0,0.0,0.0
1.0,0.0,1.0,0.0,0.0,0.0
1.0,0.0,0.0,0.0,1.0,0.0
1.0,0.0,0.0,0.0,1.0,0.0
1.0,0.0,0.0,0.0,1.0,0.0
1.0,0.0,0.0,0.0,0.0,1.0
1.0,0.0,0.0,0.0,1.0,0.0
1.0,0.0,0.0,0.0,1.0,0.0
1.0,0.0,0.0,0.0,0.0,1.0
1.0,0.0,1.0,0.0,0.0,0.0
1.0,0.0,0.0,0.0,1.0,0.0
1.0,0.0,0.0,0.0,1.0,0.0
1.0,0.0,0.0,0.0,0.0,1.0
1.0,0.0,0.0,0.0,1.0,0.0
1.0,0.0,1.0,0.0,0.0,0.0
1.0,0.0,0.0,0.0,1.0,0.0
1.0,0.0,0.0,0.0,1.0,0.0
1.0,0.0,0.0,0.0,1.0,0.0
1.0,0.0,0.0,0.0,1.0,0.0
1.0,0.0,0.0,0.0,1.0,0.0
1.0,0.0,0.0,0.0,0.0,1.0
1.0,0.0,0.0,0.0,1.0,0.0
1.0,0.0,0.0,0.0,1.0,0.0
1.0,0.0,1.0,0.0,0.0,0.0
1.0,0.0,0.0,0.0,1.0,0.0
1.0,0.0,0.0,0.0,1.0,0.0
1.0,0.0,0.0,0.0,1.0,0.0
1.0,0.0,0.0,0.0,1.0,0.0
1.0,0.0,0.0,0.0,1.0,0.0
1.0,0.0,1.0,0.0,0.0,0.0
1.0,0.0,0.0,0.0,1.0,0.0
1.0,0.0,0.0,0.0,1.0,0.0
1.0,0.0,1.0,0.0,0.0,0.0
1.0,0.0,0.0,0.0,1.0,0.0
1.0,0.0,0.0,0.0,1.0,0.0
1.0,0.0,0.0,0.0,0.0,1.0
1.0,0.0,0.0,0.0,1.0,0.0
1.0,0.0,0.0,0.0,1.0,0.0
1.0,0.0,1.0,0.0,0.0,0.0
1.0,0.0,0.0,0.0,1.0,0.0
1.0,0.0,1.0,0.0,0.0,0.0
1.0,0.0,0.0,0.0,0.0,1.0
1.0,0.0,0.0,0.0,1.0,0.0
1.0,0.0,1.0,0.0,0.0,0.0
1.0,0.0,0.0,0.0,1.0,0.0
1.0,0.0,0.0,0.0,1.0,0.0
1.0,0.0,0.0,0.0,1.0,0.0
1.0,0.0,0.0,0.0,0.0,0.0
1.0,0.0,0.0,0.0,0.0,1.0
1.0,0.0,0.0,0.0,1.0,0.0
1.0,0.0,1.0,0.0,0.0,0.0
1.0,0.0,1.0,0.0,0.0,0.0
1.0,0.0,0.0,0.0,1.0,0.0
1.0,0.0,0.0,0.0,1.0,0.0
1.0,0.0,0.0,0.0,1.0,0.0
1.0,0.0,0.0,0.0,0.0,1.0
1.0,0.0,1.0,0.0,0.0,0.0
1.0,0.0,0.0,0.0,1.0,0.0
1.0,0.0,0.0,0.0,1.0,0.0
1.0,0.0,0.0,0.0,1.0,0.0
1.0,0.0,0.0,0.0,0.0,1.0
1.0,0.0,0.0,0.0,1.0,0.0
1.0,0.0,0.0,0.0,1.0,0.0
1.0,0.0,1.0,0.0,0.0,0.0
1.0,0.0,0.0,0.0,1.0,0.0
1.0,0.0,0.0,0.0,1.0,0.0
1.0,0.0,0.0,0.0,1.0,0.0
1.0,0.0,0.0,1.0,0.0,0.0
1.0,0.0,0.0,1.0,0.0,0.0
1.0,0.0,0.0,0.0,0.0,1.0
1.0,0.0,0.0,0.0,0.0,1.0
1.0,0.0,0.0,0.0,1.0,0.0
1.0,0.0,0.0,0.0,0.0,0.0
1.0,0.0,0.0,0.0,1.0,0.0
1.0,0.0,0.0,0.0,1.0,0.0
1.0,0.0,0.0,0.0,0.0,1.0
1.0,0.0,0.0,0.0,1.0,0.0
1.0,0.0,0.0,0.0,0.0,1.0
1.0,0.0,0.0,0.0,0.0,1.0
1.0,0.0,1.0,0.0,0.0,0.0
1.0,0.0,0.0,1.0,0.0,0.0
1.0,0.0,0.0,0.0,1.0,0.0
1.0,0.0,0.0,0.0,1.0,0.0
1.0,0.0,0.0,0.0,1.0,0.0
1.0,0.0,0.0,0.0,0.0,1.0
1.0,0.0,0.0,0.0,1.0,0.0
1.0,0.0,0.0,0.0,0.0,1.0
1.0,0.0,1.0,0.0,0.0,0.0
1.0,0.0,0.0,0.0,1.0,0.0
1.0,0.0,0.0,0.0,1.0,0.0
1.0,0.0,0.0,0.0,1.0,0.0
1.0,0.0,0.0,0.0,0.0,1.0
1.0,0.0,0.0,0.0,1.0,0.0
1.0,0.0,0.0,0.0,1.0,0.0
1.0,0.0,1.0,0.0,0.0,0.0
1.0,0.0,0.0,0.0,1.0,0.0
1.0,0.0,0.0,0.0,1.0,0.0
1.0,0.0,0.0,0.0,1.0,0.0
1.0,0.0,0.0,0.0,0.0,1.0
1.0,0.0,0.0,0.0,1.0,0.0
1.0,0.0,0.0,0.0,1.0,0.0
1.0,0.0,0.0,0.0,1.0,0.0
1.0,0.0,0.0,0.0,1.0,0.0
1.0,0.0,0.0,0.0,0.0,0.0
1.0,0.0,0.0,0.0,0.0,1.0
1.0,0.0,0.0,0.0,1.0,0.0
1.0,0.0,0.0,0.0,0.0,1.0
1.0,0.0,0.0,0.0,1.0,0.0
1.0,0.0,0.0,0.0,0.0,1.0
1.0,0.0,0.0,0.0,0.0,1.0
1.0,0.0,0.0,0.0,1.0,0.0
1.0,0.0,0.0,0.0,1.0,0.0
